method,mean_R2,mean_MSE,mean_MAE,mean_CA,mean_ARRMSE
pct,-0.5538917509146644,1.068608592229178,0.881626139138643,0.08,1.0143948089985841
