method,mean_R2,mean_MSE,mean_MAE,mean_CA,mean_ARRMSE
pct,-0.36660796785181204,1.0135006994032532,0.8520075394297818,0.08,1.011979687591225
