method,mean_R2,mean_MSE,mean_MAE,mean_CA,mean_ARRMSE
pct,-0.4745400322378666,1.066322217265553,0.8831897602935002,0.06333333333333332,1.0056181939624569
