method,mean_R2,mean_MSE,mean_MAE,mean_CA,mean_ARRMSE
pct,-0.6343380274540888,1.0628467706594744,0.8794908489249077,0.06833333333333333,1.038132306306005
