method,mean_R2,mean_MSE,mean_MAE,mean_CA,mean_ARRMSE
pct,-0.8830276588092748,1.0725844667632378,0.8827354266389755,0.06666666666666667,1.0604962839663379
