method,mean_R2,mean_MSE,mean_MAE,mean_CA,mean_ARRMSE
pct,-1.042073884597485,1.0002038230229813,0.8537161451096925,0.05833333333333333,1.0481167381995484
