method,mean_R2,mean_MSE,mean_MAE,mean_CA,mean_ARRMSE
pct,-0.9560645330636679,0.9740898209166288,0.8472258754896571,0.06333333333333332,1.0019917690131053
