method,mean_R2,mean_MSE,mean_MAE,mean_CA,mean_ARRMSE
pct,-0.9751483501533778,1.0563750888574903,0.8782087142812753,0.055,1.053417760073226
