method,mean_R2,mean_MSE,mean_MAE,mean_CA,mean_ARRMSE
pct,-0.5894844540536248,1.042047157017372,0.8650360683567946,0.08,1.0020420766082498
