method,mean_R2,mean_MSE,mean_MAE,mean_CA,mean_ARRMSE
pct,-0.6496429558005684,1.0132055310553512,0.8517715331255115,0.06833333333333333,1.0145233408712828
