method,mean_R2,mean_MSE,mean_MAE,mean_CA,mean_ARRMSE
pct,-14.761083897864054,1.129316572425525,0.8440553939662429,0.07311320754716981,1.0161491879015343
