method,mean_R2,mean_MSE,mean_MAE,mean_CA,mean_ARRMSE
pct,-15.052412978997575,1.0965591515667288,0.8357363302783248,0.07783018867924528,1.024281494433619
