method,mean_R2,mean_MSE,mean_MAE,mean_CA,mean_ARRMSE
pct,-15.016121292286181,1.1237010785079573,0.8410264441292681,0.0589622641509434,1.0375616545437587
