method,mean_R2,mean_MSE,mean_MAE,mean_CA,mean_ARRMSE
pct,-12.095206635113318,1.0749094899836251,0.8261610581331028,0.11320754716981132,1.0426756113320232
