method,mean_R2,mean_MSE,mean_MAE,mean_CA,mean_ARRMSE
pct,-13.674248690622393,0.9520589165838046,0.7722539605352038,0.06367924528301887,0.9988597221501863
