method,mean_R2,mean_MSE,mean_MAE,mean_CA,mean_ARRMSE
pct,-16.038818496578127,1.1685292520427373,0.8686705276324597,0.09198113207547169,1.0203842965909946
