method,mean_R2,mean_MSE,mean_MAE,mean_CA,mean_ARRMSE
pct,-21.43911321767437,1.0820762056844069,0.8368217056830878,0.03773584905660377,1.0377218692565886
