method,mean_R2,mean_MSE,mean_MAE,mean_CA,mean_ARRMSE
pct,-13.336574048542676,0.9150448622186896,0.7581686592804882,0.07075471698113207,0.9933967819999496
