method,mean_R2,mean_MSE,mean_MAE,mean_CA,mean_ARRMSE
pct,-12.494142185340728,1.0939769083130557,0.8241221351908985,0.12264150943396226,1.0265980929609966
