method,mean_R2,mean_MSE,mean_MAE,mean_CA,mean_ARRMSE
pct,-14.254195034553156,1.1534532234500972,0.8421411062018552,0.0589622641509434,1.1243513344767857
