method,mean_R2,mean_MSE,mean_MAE,mean_CA,mean_ARRMSE
pct,-8.544284590201002,0.7400759375321477,0.4909967389539935,0.06184895833333333,0.9859531423694092
