method,mean_R2,mean_MSE,mean_MAE,mean_CA,mean_ARRMSE
pct,-32.845789153909486,0.9762573206721592,0.5168666369310638,0.08854166666666666,1.0396831812917378
