method,mean_R2,mean_MSE,mean_MAE,mean_CA,mean_ARRMSE
pct,-11.165818866323741,1.0623218578123357,0.56324322709373,0.0625,1.0216921937887833
