method,mean_R2,mean_MSE,mean_MAE,mean_CA,mean_ARRMSE
pct,-6.8731906866023245,0.8822510054735521,0.50748016992948,0.107421875,0.9474088371295427
