method,mean_R2,mean_MSE,mean_MAE,mean_CA,mean_ARRMSE
pct,-13.371673287849678,1.1611754619051509,0.5557584936860506,0.08658854166666666,1.048626919387989
