method,mean_R2,mean_MSE,mean_MAE,mean_CA,mean_ARRMSE
pct,-7.061526009941614,0.8080610376115939,0.5200052653648122,0.09374999999999999,0.9362516758658076
