method,mean_R2,mean_MSE,mean_MAE,mean_CA,mean_ARRMSE
pct,-6.703100916605274,0.8254151915160091,0.493118941206666,0.07421875,0.9600622941327541
