method,mean_R2,mean_MSE,mean_MAE,mean_CA,mean_ARRMSE
pct,-5.788287298295882,0.8794355155944205,0.49535716234071214,0.07356770833333333,0.9821753993932029
