method,mean_R2,mean_MSE,mean_MAE,mean_CA,mean_ARRMSE
pct,-5.835048742571033,0.9646744935583635,0.528239330485432,0.095703125,0.9781735110581907
