method,mean_R2,mean_MSE,mean_MAE,mean_CA,mean_ARRMSE
pct,-7.442269812767261,1.0715794891602326,0.5300665448156461,0.076171875,0.9957543402526813
