method,mean_R2,mean_MSE,mean_MAE,mean_CA,mean_ARRMSE
pct,-43864.3209407244,1.0167298028766127,0.707698828986676,0.12321428571428572,0.9850593067488004
