method,mean_R2,mean_MSE,mean_MAE,mean_CA,mean_ARRMSE
pct,-46470.83438631581,1.2636935524871113,0.7711987641917369,0.09464285714285714,0.9985632168678068
