method,mean_R2,mean_MSE,mean_MAE,mean_CA,mean_ARRMSE
pct,-37135.036833716054,0.5849403556677716,0.6121879055194649,0.1125,1.0115424661668633
