method,mean_R2,mean_MSE,mean_MAE,mean_CA,mean_ARRMSE
pct,-29363.54524462602,0.8233108259975493,0.6820468178658018,0.10892857142857143,1.0607926662797276
