method,mean_R2,mean_MSE,mean_MAE,mean_CA,mean_ARRMSE
pct,-25075.67172350674,0.6888111723075031,0.6074047232117323,0.09821428571428571,0.9815587947421011
