method,mean_R2,mean_MSE,mean_MAE,mean_CA,mean_ARRMSE
pct,-98407.26667167828,0.98512859827158,0.7361047006934844,0.08035714285714286,1.0038562486853289
