method,mean_R2,mean_MSE,mean_MAE,mean_CA,mean_ARRMSE
pct,-55407.66837153927,1.0006820356820558,0.7062315061835631,0.09821428571428571,1.0015103545952861
