method,mean_R2,mean_MSE,mean_MAE,mean_CA,mean_ARRMSE
pct,-29366.127270489564,1.0920264457184565,0.696805153921283,0.10535714285714286,1.0379270464740564
