method,mean_R2,mean_MSE,mean_MAE,mean_CA,mean_ARRMSE
pct,-103003.55037951662,0.864961785219417,0.7228667826135636,0.075,0.9806591342250394
