method,mean_R2,mean_MSE,mean_MAE,mean_CA,mean_ARRMSE
pct,-41717.27422164673,1.047901950578969,0.7156872115021079,0.08214285714285714,1.0014128463093868
