method,mean_R2,mean_MSE,mean_MAE,mean_CA,mean_ARRMSE
pct,-1.7529814694236285,0.5667129722280344,0.4112043700855114,0.29384328358208955,0.9180701354249147
