method,mean_R2,mean_MSE,mean_MAE,mean_CA,mean_ARRMSE
pct,-1.5919478799318383,0.32605577079761205,0.39761580748049136,0.26399253731343286,0.906374688382431
