method,mean_R2,mean_MSE,mean_MAE,mean_CA,mean_ARRMSE
pct,-1.55139898601632,1.1483432396180162,0.5248696878230408,0.15951492537313433,0.9110486768111508
