method,mean_R2,mean_MSE,mean_MAE,mean_CA,mean_ARRMSE
pct,-1.5281696602492751,0.3833892830278676,0.3964057243382781,0.28824626865671643,0.9072108059816714
