method,mean_R2,mean_MSE,mean_MAE,mean_CA,mean_ARRMSE
pct,-1.5937459222561068,0.5535715195666185,0.4379673171660677,0.22574626865671643,0.9031822336762022
