method,mean_R2,mean_MSE,mean_MAE,mean_CA,mean_ARRMSE
pct,-1.3600315844213842,0.4749496788258218,0.4190730435809706,0.2490671641791045,0.901589091123174
