method,mean_R2,mean_MSE,mean_MAE,mean_CA,mean_ARRMSE
pct,-1.690260862510667,0.6313728533506154,0.450918226944242,0.21641791044776118,0.9022377619486656
