method,mean_R2,mean_MSE,mean_MAE,mean_CA,mean_ARRMSE
pct,-1.3462814696270424,0.5955501925041707,0.45001749066630525,0.2042910447761194,0.8801875598260012
