method,mean_R2,mean_MSE,mean_MAE,mean_CA,mean_ARRMSE
pct,-1.7027424679054448,1.0787653161038375,0.5401609449666824,0.17164179104477612,0.8845919384577268
