method,mean_R2,mean_MSE,mean_MAE,mean_CA,mean_ARRMSE
pct,-1.5825155811233584,0.7360592964912496,0.4847563336058118,0.208955223880597,0.8820770235125349
