method,mean_R2,mean_MSE,mean_MAE,mean_CA,mean_ARRMSE
pct,-0.4692404354334264,1.0269795893905647,0.7709477034494953,0.03840970350404312,0.9992045669872079
