method,mean_R2,mean_MSE,mean_MAE,mean_CA,mean_ARRMSE
pct,-0.5664587014278548,1.0303276812316744,0.7601933204827798,0.04346361185983826,1.0158115296982868
