method,mean_R2,mean_MSE,mean_MAE,mean_CA,mean_ARRMSE
pct,-0.5410308316218447,1.0455124354752736,0.7624703158669626,0.04413746630727761,1.0003059204324933
