method,mean_R2,mean_MSE,mean_MAE,mean_CA,mean_ARRMSE
pct,-0.36610756459884547,0.9942575331262512,0.7532991509490035,0.04043126684636118,1.0119539081388589
