method,mean_R2,mean_MSE,mean_MAE,mean_CA,mean_ARRMSE
pct,-0.3438637685025421,1.0293953476696116,0.7687177237590882,0.03840970350404312,0.9990601834465701
