method,mean_R2,mean_MSE,mean_MAE,mean_CA,mean_ARRMSE
pct,-0.36344298306198664,0.9645519776850219,0.7477160257719694,0.04076819407008086,1.0016804958977557
