method,mean_R2,mean_MSE,mean_MAE,mean_CA,mean_ARRMSE
pct,-0.6181016700083859,0.9793458277079844,0.748682901012379,0.04548517520215633,1.0087261594518848
