method,mean_R2,mean_MSE,mean_MAE,mean_CA,mean_ARRMSE
pct,-0.4371454140899347,1.0667461942926255,0.772079665411869,0.04144204851752021,1.0150681703272646
