method,mean_R2,mean_MSE,mean_MAE,mean_CA,mean_ARRMSE
pct,-0.3955700787348807,0.9693691182927097,0.7472378569076675,0.04683288409703503,1.019857888789182
