method,mean_R2,mean_MSE,mean_MAE,mean_CA,mean_ARRMSE
pct,-0.4182740915866687,0.9794365901038363,0.7483694046799477,0.04514824797843665,1.005565932468315
