method,mean_R2,mean_MSE,mean_MAE,mean_CA,mean_ARRMSE
pct,-518.717130517275,0.05308912365465605,0.16281639761432945,0.5162337662337663,0.3642755682000828
