method,mean_R2,mean_MSE,mean_MAE,mean_CA,mean_ARRMSE
pct,-492.14963014820984,0.039517946899507744,0.13648591999784207,0.5422077922077922,0.28429416272075525
