method,mean_R2,mean_MSE,mean_MAE,mean_CA,mean_ARRMSE
pct,-2356.3487157342215,0.06751550593519896,0.1803003029791176,0.474025974025974,0.28129239695488056
