method,mean_R2,mean_MSE,mean_MAE,mean_CA,mean_ARRMSE
pct,-2228.9207471728764,0.05393381624611012,0.1735823361875135,0.41883116883116883,0.3709937017330132
