method,mean_R2,mean_MSE,mean_MAE,mean_CA,mean_ARRMSE
pct,-214.75373261786973,0.04823248751631549,0.15691231770326317,0.5357142857142857,0.3153123033303056
