method,mean_R2,mean_MSE,mean_MAE,mean_CA,mean_ARRMSE
pct,-174.27586397475093,0.05286944964049794,0.17076521402506234,0.42857142857142855,0.30516811445680136
