method,mean_R2,mean_MSE,mean_MAE,mean_CA,mean_ARRMSE
pct,-259.97493844260515,0.05345838597476959,0.16496703882628974,0.4675324675324675,0.2718007494951224
