method,mean_R2,mean_MSE,mean_MAE,mean_CA,mean_ARRMSE
pct,-1355.7913220615717,0.04268771732247911,0.1581806973865564,0.42207792207792205,0.2642181442453847
