method,mean_R2,mean_MSE,mean_MAE,mean_CA,mean_ARRMSE
pct,-239.79695188947753,0.04725220700097027,0.16147668950497776,0.4318181818181818,0.2684885611365143
