method,mean_R2,mean_MSE,mean_MAE,mean_CA,mean_ARRMSE
pct,-652.1016366843398,0.05261227598950465,0.16817808927394323,0.41883116883116883,0.29855326718114017
