method,mean_R2,mean_MSE,mean_MAE,mean_CA,mean_ARRMSE
pct,-1.4247364000697094,0.761920975516023,0.6412769466466958,0.11801369863013698,0.9376586482018098
