method,mean_R2,mean_MSE,mean_MAE,mean_CA,mean_ARRMSE
pct,-1.3551627290534527,0.7520107934956783,0.6298756761228771,0.135,0.9269037469795776
