method,mean_R2,mean_MSE,mean_MAE,mean_CA,mean_ARRMSE
pct,-1.5054134798932775,0.7464026014416396,0.6379299327569589,0.12541095890410958,0.9339589408310994
