method,mean_R2,mean_MSE,mean_MAE,mean_CA,mean_ARRMSE
pct,-1.2554706666023883,1.2089605535806023,0.6244707489802235,0.12904109589041096,0.9248238273816396
