method,mean_R2,mean_MSE,mean_MAE,mean_CA,mean_ARRMSE
pct,-1.4444090739330946,0.736596599362984,0.6284923628029377,0.12835616438356165,0.9356998480808592
