method,mean_R2,mean_MSE,mean_MAE,mean_CA,mean_ARRMSE
pct,-1.55348282259726,0.8004579594944178,0.6606730903840748,0.11,0.9470482241056235
