method,mean_R2,mean_MSE,mean_MAE,mean_CA,mean_ARRMSE
pct,-1.3675424091065862,0.7758595077402035,0.6453161846651082,0.12445205479452055,0.9392006143469853
