method,mean_R2,mean_MSE,mean_MAE,mean_CA,mean_ARRMSE
pct,-1.4341090446881513,0.7569477329830019,0.6402760030157246,0.12136986301369863,0.935331992707631
