method,mean_R2,mean_MSE,mean_MAE,mean_CA,mean_ARRMSE
pct,-1.373681757218062,1.2399469073782863,0.6392306906897182,0.1236986301369863,0.9313575826209972
