method,mean_R2,mean_MSE,mean_MAE,mean_CA,mean_ARRMSE
pct,-1.4489039407443445,0.7352090095149211,0.6311623809421902,0.12232876712328768,0.939482334704589
