method,mean_R2,mean_MSE,mean_MAE,mean_CA,mean_ARRMSE
pct,-2.5060633448999092,0.807438921698815,0.5814016761680874,0.13276836158192087,0.9167157431014303
