method,mean_R2,mean_MSE,mean_MAE,mean_CA,mean_ARRMSE
pct,-2.403249501960427,0.9502244100662518,0.569583464948868,0.17231638418079093,0.9318402118504983
