method,mean_R2,mean_MSE,mean_MAE,mean_CA,mean_ARRMSE
pct,-2.529049904222675,1.5465277837321716,0.7394174331701212,0.17514124293785308,0.9821127251508245
