method,mean_R2,mean_MSE,mean_MAE,mean_CA,mean_ARRMSE
pct,-2.3181362136702166,0.6482528509812343,0.5669997552919818,0.11016949152542373,0.9272916398940575
