method,mean_R2,mean_MSE,mean_MAE,mean_CA,mean_ARRMSE
pct,-2.709070170440139,0.4927340883886258,0.5135999108481846,0.09887005649717513,0.9000366469209714
