method,mean_R2,mean_MSE,mean_MAE,mean_CA,mean_ARRMSE
pct,-6.734186876508288,0.6172385692542738,0.48201943380002615,0.2231638418079096,1.0329281380800308
