method,mean_R2,mean_MSE,mean_MAE,mean_CA,mean_ARRMSE
pct,-3.277990647840601,1.0074415903257237,0.6030040738761463,0.16666666666666666,0.9592439360797034
