method,mean_R2,mean_MSE,mean_MAE,mean_CA,mean_ARRMSE
pct,-9.5849730836972,1.0093997761993097,0.6746711115555574,0.12146892655367232,1.0454278449350591
