method,mean_R2,mean_MSE,mean_MAE,mean_CA,mean_ARRMSE
pct,-2.0023545577347788,0.7017449362164716,0.5199958074762177,0.22033898305084745,0.8526038059375181
