method,mean_R2,mean_MSE,mean_MAE,mean_CA,mean_ARRMSE
pct,-2.1382840799581166,0.5484073097765824,0.5180865251075982,0.11864406779661017,0.9254529612898383
